country,code,name
AD,AD-07,
AD,AD-02,
AD,AD-03,
AD,AD-08,
AD,AD-04,
AD,AD-05,
AD,AD-06,
AE,AE-AJ,
AE,AE-AZ,
AE,AE-FU,
AE,AE-SH,
AE,AE-DU,
AE,AE-RK,
AE,AE-UQ,
AF,AF-BDS,
AF,AF-BDG,
AF,AF-BGL,
AF,AF-BAL,
AF,AF-BAM,
AF,AF-DAY,
AF,AF-FRA,
AF,AF-FYB,
AF,AF-GHA,
AF,AF-GHO,
AF,AF-HEL,
AF,AF-HER,
AF,AF-JOW,
AF,AF-KAB,
AF,AF-KAN,
AF,AF-KAP,
AF,AF-KHO,
AF,AF-KDZ,
AF,AF-LAG,
AF,AF-LOG,
AF,AF-NAN,
AF,AF-NIM,
AF,AF-PIA,
AF,AF-PAR,
AF,AF-SAR,
AF,AF-TAK,
AF,AF-URU,
AG,AG-11,
AG,AG-03,
AG,AG-04,
AG,AG-06,
AG,AG-07,
AG,AG-08,
AI,AI-XX-1,
AL,AL-01,
AL,AL-09,
AL,AL-02,
AL,AL-03,
AL,AL-04,
AL,AL-05,
AL,AL-06,
AL,AL-07,
AL,AL-08,
AL,AL-10,
AL,AL-11,
AL,AL-12,
AM,AM-AG,Արագածոտն
AM,AM-AR,Արարատ
AM,AM-AV,Արմավիր
AM,AM-ER,Երևան
AM,AM-GR,Գեղարքունիք
AM,AM-KT,Կոտայք
AM,AM-LO,Լոռի
AM,AM-SH,Շիրակ
AM,AM-SU,Սյունիք
AM,AM-TV,Տավուշ
AM,AM-VD,Վայոց Ձոր
AO,AO-BGO,
AO,AO-BGU,
AO,AO-BIE,
AO,AO-CAB,
AO,AO-CCU,
AO,AO-CNO,
AO,AO-CUS,
AO,AO-CNN,
AO,AO-HUA,
AO,AO-HUI,
AO,AO-LUA,
AO,AO-LNO,
AO,AO-LSU,
AO,AO-MAL,
AO,AO-MOX,
AO,AO-NAM,
AO,AO-UIG,
AO,AO-ZAI,
AQ,AQ-XX-1,
AR,AR-B,
AR,AR-K,
AR,AR-H,
AR,AR-U,
AR,AR-C,
AR,AR-X,
AR,AR-W,
AR,AR-E,
AR,AR-P,
AR,AR-Y,
AR,AR-L,
AR,AR-F,
AR,AR-M,
AR,AR-N,
AR,AR-Q,
AR,AR-R,
AR,AR-A,
AR,AR-J,
AR,AR-D,
AR,AR-Z,
AR,AR-S,
AR,AR-G,
AR,AR-V,
AR,AR-T,
AS,AS-XX-1,
AS,AS-XX-2,
AT,AT-1,
AT,AT-2,
AT,AT-3,
AT,AT-4,
AT,AT-5,
AT,AT-6,
AT,AT-7,
AT,AT-8,
AT,AT-9,
AU,AU-ACT,
AU,AU-NSW,
AU,AU-NT,
AU,AU-QLD,
AU,AU-SA,
AU,AU-TAS,
AU,AU-VIC,
AU,AU-WA,
AW,AW-XX-1,
AX,AX-XX-1,
AX,AX-XX-2,
AX,AX-XX-3,
AX,AX-XX-4,
AX,AX-XX-5,
AX,AX-XX-6,
AX,AX-XX-7,
AX,AX-XX-8,
AZ,AZ-ABS,
AZ,AZ-AGC,
AZ,AZ-AGU,
AZ,AZ-AST,
AZ,AZ-BA,
AZ,AZ-BAL,
AZ,AZ-BAR,
AZ,AZ-BEY,
AZ,AZ-BIL,
AZ,AZ-CAL,
AZ,AZ-FUZ,
AZ,AZ-GAD,
AZ,AZ-GA,
AZ,AZ-GOR,
AZ,AZ-GOY,
AZ,AZ-GYG,
AZ,AZ-IMI,
AZ,AZ-ISM,
AZ,AZ-KUR,
AZ,AZ-LA,
AZ,AZ-MAS,
AZ,AZ-MI,
AZ,AZ-NA,
AZ,AZ-NX,
AZ,AZ-NEF,
AZ,AZ-OGU,
AZ,AZ-QAB,
AZ,AZ-QAX,
AZ,AZ-QAZ,
AZ,AZ-QBA,
AZ,AZ-QUS,
AZ,AZ-SAT,
AZ,AZ-SAB,
AZ,AZ-SAK,
AZ,AZ-SAL,
AZ,AZ-SMI,
AZ,AZ-SKR,
AZ,AZ-SMX,
AZ,AZ-SR,
AZ,AZ-SM,
AZ,AZ-TAR,
AZ,AZ-UCA,
AZ,AZ-XAC,
AZ,AZ-XVD,
AZ,AZ-YAR,
AZ,AZ-YEV,
AZ,AZ-ZAQ,
AZ,AZ-ZAR,
BA,BA-BRC,
BA,BA-BIH,
BA,BA-SRP,
BB,BB-01,
BB,BB-02,
BB,BB-03,
BB,BB-04,
BB,BB-05,
BB,BB-07,
BB,BB-08,
BB,BB-09,
BB,BB-10,
BB,BB-11,
BD,BD-A,
BD,BD-B,
BD,BD-C,
BD,BD-D,
BD,BD-E,
BD,BD-F,
BD,BD-G,
BE,BE-VAN,
BE,BE-WBR,
BE,BE-BRU,
BE,BE-WHT,
BE,BE-WLG,
BE,BE-VLI,
BE,BE-WLX,
BE,BE-WNA,
BE,BE-VOV,
BE,BE-VBR,
BE,BE-VWV,
BF,BF-BAM,
BF,BF-BAZ,
BF,BF-BLG,
BF,BF-BLK,
BF,BF-COM,
BF,BF-GAN,
BF,BF-GNA,
BF,BF-GOU,
BF,BF-HOU,
BF,BF-IOB,
BF,BF-KAD,
BF,BF-KEN,
BF,BF-KMP,
BF,BF-KOS,
BF,BF-KOT,
BF,BF-KOW,
BF,BF-LER,
BF,BF-LOR,
BF,BF-MOU,
BF,BF-NAO,
BF,BF-NAM,
BF,BF-NAY,
BF,BF-OUB,
BF,BF-OUD,
BF,BF-PAS,
BF,BF-PON,
BF,BF-SNG,
BF,BF-SMT,
BF,BF-SEN,
BF,BF-SIS,
BF,BF-SOM,
BF,BF-SOR,
BF,BF-TAP,
BF,BF-TUI,
BF,BF-YAT,
BF,BF-ZIR,
BF,BF-ZON,
BF,BF-ZOU,
BG,BG-01,
BG,BG-02,
BG,BG-08,
BG,BG-07,
BG,BG-26,
BG,BG-09,
BG,BG-10,
BG,BG-11,
BG,BG-12,
BG,BG-13,
BG,BG-14,
BG,BG-15,
BG,BG-16,
BG,BG-17,
BG,BG-18,
BG,BG-27,
BG,BG-19,
BG,BG-20,
BG,BG-21,
BG,BG-23,
BG,BG-22,
BG,BG-24,
BG,BG-25,
BG,BG-03,
BG,BG-04,
BG,BG-05,
BG,BG-06,
BG,BG-28,
BH,BH-13,
BH,BH-14,
BH,BH-15,
BH,BH-17,
BI,BI-BM,
BI,BI-CI,
BI,BI-GI,
BI,BI-KR,
BI,BI-KI,
BI,BI-MW,
BI,BI-NG,
BI,BI-RM,
BI,BI-RT,
BI,BI-RY,
BJ,BJ-AK,
BJ,BJ-AQ,
BJ,BJ-BO,
BJ,BJ-CO,
BJ,BJ-DO,
BJ,BJ-LI,
BJ,BJ-MO,
BJ,BJ-OU,
BJ,BJ-PL,
BJ,BJ-ZO,
BL,BL-XX-1,
BM,BM-XX-1,
BM,BM-XX-2,
BN,BN-BE,
BN,BN-BM,
BN,BN-TE,
BN,BN-TU,
BO,BO-H,
BO,BO-C,
BO,BO-B,
BO,BO-L,
BO,BO-O,
BO,BO-N,
BO,BO-P,
BO,BO-S,
BO,BO-T,
BQ,BQ-BO,
BQ,BQ-SA,
BQ,BQ-SE,
BR,BR-AC,
BR,BR-AL,
BR,BR-AP,
BR,BR-AM,
BR,BR-BA,
BR,BR-CE,
BR,BR-DF,
BR,BR-ES,
BR,BR-GO,
BR,BR-MA,
BR,BR-MT,
BR,BR-MS,
BR,BR-MG,
BR,BR-PA,
BR,BR-PB,
BR,BR-PR,
BR,BR-PE,
BR,BR-PI,
BR,BR-RN,
BR,BR-RS,
BR,BR-RJ,
BR,BR-RO,
BR,BR-RR,
BR,BR-SC,
BR,BR-SP,
BR,BR-SE,
BR,BR-TO,
BS,BS-BP,
BS,BS-CO,
BS,BS-FP,
BS,BS-EG,
BS,BS-HI,
BS,BS-LI,
BS,BS-NP,
BS,BS-NO,
BS,BS-NS,
BS,BS-NE,
BS,BS-SE,
BS,BS-WG,
BT,BT-33,
BT,BT-12,
BT,BT-22,
BT,BT-GA,
BT,BT-44,
BT,BT-42,
BT,BT-11,
BT,BT-43,
BT,BT-23,
BT,BT-45,
BT,BT-14,
BT,BT-31,
BT,BT-15,
BT,BT-41,
BT,BT-32,
BT,BT-21,
BT,BT-24,
BV,BV-XX-1,
BW,BW-CE,
BW,BW-CH,
BW,BW-GH,
BW,BW-KG,
BW,BW-KL,
BW,BW-KW,
BW,BW-NE,
BW,BW-NW,
BW,BW-SE,
BW,BW-SO,
BY,BY-BR,Բրեստի մարզ
BY,BY-HO,Գոմելի մարզ
BY,BY-HM,Մինսկ քաղաքը
BY,BY-HR,Գրոդնոյի մարզ
BY,BY-MA,Մոգիլյովի մարզ
BY,BY-MI,Մինսկի մարզ
BY,BY-VI,Վիտեբսկի մարզ
BZ,BZ-BZ,
BZ,BZ-CY,
BZ,BZ-CZL,
BZ,BZ-OW,
BZ,BZ-SC,
BZ,BZ-TOL,
CA,CA-AB,Ալբերտա
CA,CA-BC,Բրիտանական Կոլումբիա
CA,CA-MB,Մանիտոբա
CA,CA-NB,Նյու Բրանսուիկ
CA,CA-NL,Նյուֆաունդլենդ և Լաբրադոր
CA,CA-NT,Հյուսիսարևմտյան տարածքներ
CA,CA-NS,Նոր Շոտլանդիա
CA,CA-NU,Նունավուտ
CA,CA-ON,Օնտարիո
CA,CA-PE,Էդուարդ արքայազնի կղզի
CA,CA-QC,Քվեբեկ
CA,CA-SK,Սասկաչևան
CA,CA-YT,Յուկոն
CC,CC-XX-1,
CD,CD-EQ,
CD,CD-HK,
CD,CD-HL,
CD,CD-IT,
CD,CD-KC,
CD,CD-KE,
CD,CD-KN,
CD,CD-BC,
CD,CD-KG,
CD,CD-KL,
CD,CD-LU,
CD,CD-NK,
CD,CD-SA,
CD,CD-SK,
CD,CD-TA,
CD,CD-TO,
CD,CD-TU,
CF,CF-BB,
CF,CF-BGF,
CF,CF-KB,
CF,CF-HM,
CF,CF-KG,
CF,CF-NM,
CF,CF-UK,
CF,CF-AC,
CF,CF-OP,
CF,CF-VK,
CG,CG-11,
CG,CG-BZV,
CG,CG-8,
CG,CG-9,
CG,CG-16,
CG,CG-13,
CH,CH-AG,
CH,CH-AR,
CH,CH-AI,
CH,CH-BL,
CH,CH-BS,
CH,CH-BE,
CH,CH-FR,
CH,CH-GE,
CH,CH-GL,
CH,CH-GR,
CH,CH-JU,
CH,CH-LU,
CH,CH-NE,
CH,CH-NW,
CH,CH-OW,
CH,CH-SG,
CH,CH-SH,
CH,CH-SZ,
CH,CH-SO,
CH,CH-TG,
CH,CH-TI,
CH,CH-UR,
CH,CH-VS,
CH,CH-VD,
CH,CH-ZG,
CH,CH-ZH,
CI,CI-AB,
CI,CI-BS,
CI,CI-CM,
CI,CI-DN,
CI,CI-GD,
CI,CI-LC,
CI,CI-LG,
CI,CI-MG,
CI,CI-SM,
CI,CI-SV,
CI,CI-VB,
CI,CI-WR,
CI,CI-YM,
CI,CI-ZZ,
CK,CK-XX-1,
CL,CL-AI,
CL,CL-AN,
CL,CL-AP,
CL,CL-AT,
CL,CL-BI,
CL,CL-CO,
CL,CL-AR,
CL,CL-LI,
CL,CL-LL,
CL,CL-LR,
CL,CL-MA,
CL,CL-ML,
CL,CL-NB,
CL,CL-RM,
CL,CL-TA,
CL,CL-VS,
CM,CM-AD,
CM,CM-CE,
CM,CM-ES,
CM,CM-EN,
CM,CM-LT,
CM,CM-NO,
CM,CM-NW,
CM,CM-OU,
CM,CM-SU,
CM,CM-SW,
CN,CN-AH,
CN,CN-BJ,
CN,CN-CQ,
CN,CN-FJ,
CN,CN-GS,
CN,CN-GD,
CN,CN-GX,
CN,CN-GZ,
CN,CN-HI,
CN,CN-HE,
CN,CN-HL,
CN,CN-HA,
CN,CN-HB,
CN,CN-HN,
CN,CN-JS,
CN,CN-JX,
CN,CN-JL,
CN,CN-LN,
CN,CN-NM,
CN,CN-NX,
CN,CN-QH,
CN,CN-SN,
CN,CN-SD,
CN,CN-SH,
CN,CN-SX,
CN,CN-SC,
CN,CN-TJ,
CN,CN-XJ,
CN,CN-XZ,
CN,CN-YN,
CN,CN-ZJ,
CO,CO-AMA,
CO,CO-ANT,
CO,CO-ARA,
CO,CO-ATL,
CO,CO-BOL,
CO,CO-BOY,
CO,CO-CAL,
CO,CO-CAQ,
CO,CO-CAS,
CO,CO-CAU,
CO,CO-CES,
CO,CO-CHO,
CO,CO-COR,
CO,CO-CUN,
CO,CO-DC,
CO,CO-GUA,
CO,CO-GUV,
CO,CO-HUI,
CO,CO-LAG,
CO,CO-MAG,
CO,CO-MET,
CO,CO-NAR,
CO,CO-NSA,
CO,CO-PUT,
CO,CO-QUI,
CO,CO-RIS,
CO,CO-SAP,
CO,CO-SAN,
CO,CO-SUC,
CO,CO-TOL,
CO,CO-VAC,
CO,CO-VID,
CR,CR-A,
CR,CR-C,
CR,CR-G,
CR,CR-H,
CR,CR-L,
CR,CR-P,
CR,CR-SJ,
CU,CU-15,
CU,CU-09,
CU,CU-08,
CU,CU-06,
CU,CU-12,
CU,CU-14,
CU,CU-11,
CU,CU-03,
CU,CU-10,
CU,CU-04,
CU,CU-16,
CU,CU-01,
CU,CU-07,
CU,CU-13,
CU,CU-05,
CV,CV-BV,
CV,CV-BR,
CV,CV-MO,
CV,CV-PN,
CV,CV-PR,
CV,CV-RS,
CV,CV-SL,
CV,CV-CR,
CV,CV-SD,
CV,CV-SO,
CV,CV-SV,
CV,CV-TA,
CV,CV-TS,
CW,CW-XX-1,
CX,CX-XX-1,
CY,CY-04,
CY,CY-06,
CY,CY-03,
CY,CY-01,
CY,CY-02,
CY,CY-05,
CZ,CZ-31,
CZ,CZ-64,
CZ,CZ-41,
CZ,CZ-63,
CZ,CZ-52,
CZ,CZ-51,
CZ,CZ-80,
CZ,CZ-71,
CZ,CZ-53,
CZ,CZ-32,
CZ,CZ-10,
CZ,CZ-20,
CZ,CZ-42,
CZ,CZ-72,
DE,DE-BW,
DE,DE-BY,
DE,DE-BE,
DE,DE-BB,
DE,DE-HB,
DE,DE-HH,
DE,DE-HE,
DE,DE-MV,
DE,DE-NI,
DE,DE-NW,
DE,DE-RP,
DE,DE-SL,
DE,DE-SN,
DE,DE-ST,
DE,DE-SH,
DE,DE-TH,
DJ,DJ-AR,
DJ,DJ-DJ,
DK,DK-84,
DK,DK-82,
DK,DK-81,
DK,DK-85,
DK,DK-83,
DM,DM-02,
DM,DM-04,
DM,DM-05,
DM,DM-06,
DM,DM-07,
DM,DM-09,
DM,DM-10,
DO,DO-02,
DO,DO-03,
DO,DO-04,
DO,DO-05,
DO,DO-01,
DO,DO-06,
DO,DO-08,
DO,DO-07,
DO,DO-09,
DO,DO-30,
DO,DO-19,
DO,DO-10,
DO,DO-11,
DO,DO-12,
DO,DO-13,
DO,DO-14,
DO,DO-28,
DO,DO-15,
DO,DO-29,
DO,DO-17,
DO,DO-18,
DO,DO-20,
DO,DO-21,
DO,DO-31,
DO,DO-22,
DO,DO-23,
DO,DO-24,
DO,DO-25,
DO,DO-26,
DO,DO-27,
DZ,DZ-01,
DZ,DZ-44,
DZ,DZ-46,
DZ,DZ-16,
DZ,DZ-23,
DZ,DZ-05,
DZ,DZ-08,
DZ,DZ-06,
DZ,DZ-07,
DZ,DZ-09,
DZ,DZ-34,
DZ,DZ-10,
DZ,DZ-35,
DZ,DZ-02,
DZ,DZ-25,
DZ,DZ-17,
DZ,DZ-32,
DZ,DZ-39,
DZ,DZ-36,
DZ,DZ-47,
DZ,DZ-24,
DZ,DZ-33,
DZ,DZ-18,
DZ,DZ-40,
DZ,DZ-03,
DZ,DZ-28,
DZ,DZ-29,
DZ,DZ-26,
DZ,DZ-43,
DZ,DZ-27,
DZ,DZ-45,
DZ,DZ-31,
DZ,DZ-30,
DZ,DZ-04,
DZ,DZ-48,
DZ,DZ-20,
DZ,DZ-19,
DZ,DZ-22,
DZ,DZ-21,
DZ,DZ-41,
DZ,DZ-11,
DZ,DZ-12,
DZ,DZ-14,
DZ,DZ-37,
DZ,DZ-42,
DZ,DZ-38,
DZ,DZ-15,
DZ,DZ-13,
EC,EC-A,
EC,EC-B,
EC,EC-F,
EC,EC-C,
EC,EC-H,
EC,EC-X,
EC,EC-O,
EC,EC-E,
EC,EC-W,
EC,EC-G,
EC,EC-I,
EC,EC-L,
EC,EC-R,
EC,EC-M,
EC,EC-S,
EC,EC-N,
EC,EC-D,
EC,EC-Y,
EC,EC-P,
EC,EC-SE,
EC,EC-SD,
EC,EC-U,
EC,EC-T,
EC,EC-Z,
EE,EE-37,
EE,EE-39,
EE,EE-45,
EE,EE-52,
EE,EE-50,
EE,EE-60,
EE,EE-56,
EE,EE-68,
EE,EE-64,
EE,EE-71,
EE,EE-74,
EE,EE-79,
EE,EE-81,
EE,EE-84,
EE,EE-87,
EG,EG-DK,
EG,EG-BA,
EG,EG-BH,
EG,EG-FYM,
EG,EG-GH,
EG,EG-ALX,
EG,EG-IS,
EG,EG-GZ,
EG,EG-MNF,
EG,EG-MN,
EG,EG-C,
EG,EG-KB,
EG,EG-LX,
EG,EG-WAD,
EG,EG-SUZ,
EG,EG-SHR,
EG,EG-ASN,
EG,EG-AST,
EG,EG-BNS,
EG,EG-PTS,
EG,EG-DT,
EG,EG-JS,
EG,EG-KFS,
EG,EG-MT,
EG,EG-KN,
EG,EG-SIN,
EG,EG-SHG,
EH,EH-XX-1,
ER,ER-MA,
ER,ER-DK,
ER,ER-SK,
ES,ES-AN,
ES,ES-AR,
ES,ES-AS,
ES,ES-CN,
ES,ES-CB,
ES,ES-CL,
ES,ES-CM,
ES,ES-CT,
ES,ES-CE,
ES,ES-EX,
ES,ES-GA,
ES,ES-IB,
ES,ES-RI,
ES,ES-MD,
ES,ES-ML,
ES,ES-MC,
ES,ES-NC,
ES,ES-PV,
ES,ES-VC,
ET,ET-AA,
ET,ET-AF,
ET,ET-AM,
ET,ET-BE,
ET,ET-DD,
ET,ET-GA,
ET,ET-HA,
ET,ET-OR,
ET,ET-SO,
ET,ET-TI,
ET,ET-SN,
FI,FI-02,
FI,FI-03,
FI,FI-04,
FI,FI-05,
FI,FI-06,
FI,FI-07,
FI,FI-08,
FI,FI-09,
FI,FI-10,
FI,FI-16,
FI,FI-11,
FI,FI-12,
FI,FI-13,
FI,FI-14,
FI,FI-15,
FI,FI-17,
FI,FI-18,
FI,FI-19,
FJ,FJ-C,
FJ,FJ-E,
FJ,FJ-N,
FJ,FJ-R,
FJ,FJ-W,
FK,FK-XX-1,
FM,FM-TRK,
FM,FM-KSA,
FM,FM-PNI,
FM,FM-YAP,
FO,FO-XX-1,
FO,FO-XX-2,
FO,FO-XX-3,
FO,FO-XX-4,
FO,FO-XX-5,
FR,FR-ARA,
FR,FR-BFC,
FR,FR-BRE,
FR,FR-CVL,
FR,FR-20R,
FR,FR-GES,
FR,FR-HDF,
FR,FR-IDF,
FR,FR-NOR,
FR,FR-NAQ,
FR,FR-OCC,
FR,FR-PDL,
FR,FR-PAC,
GA,GA-1,
GA,GA-2,
GA,GA-4,
GA,GA-5,
GA,GA-8,
GA,GA-9,
GB,GB-ENG,
GB,GB-NIR,
GB,GB-SCT,
GB,GB-WLS,
GD,GD-01,
GD,GD-02,
GD,GD-03,
GD,GD-04,
GD,GD-05,
GD,GD-06,
GD,GD-10,
GE,GE-AB,Աբխազիայի Ինքնավար Հանրապետություն
GE,GE-AJ,Աջարիա
GE,GE-GU,Գուրիայի մարզ
GE,GE-IM,Իմերեթի մարզ
GE,GE-KA,Կախեթի մարզ
GE,GE-KK,Քվեմո Քարթլիի մարզ
GE,GE-MM,Մցխեթ-Մթիանեթ
GE,GE-RL,Ռաճա-Լեչխում և Քվեմո Սվանեթ
GE,GE-SZ,Սամեգրելո-Զեմո Սվանեթ
GE,GE-SJ,Սամցխե-Ջավախքի մարզ
GE,GE-SK,Շիդա Քարթլիի մարզ
GE,GE-TB,Թբիլիսի
GF,GF-XX-1,
GG,GG-XX-1,
GH,GH-AF,
GH,GH-AH,
GH,GH-BO,
GH,GH-BE,
GH,GH-CP,
GH,GH-EP,
GH,GH-AA,
GH,GH-NP,
GH,GH-UE,
GH,GH-UW,
GH,GH-TV,
GH,GH-WP,
GI,GI-XX-1,
GL,GL-AV,
GL,GL-KU,
GL,GL-QT,
GL,GL-SM,
GL,GL-QE,
GM,GM-B,
GM,GM-M,
GM,GM-L,
GM,GM-N,
GM,GM-U,
GM,GM-W,
GN,GN-BF,
GN,GN-B,
GN,GN-C,
GN,GN-CO,
GN,GN-DB,
GN,GN-DU,
GN,GN-K,
GN,GN-L,
GN,GN-LA,
GN,GN-MC,
GN,GN-N,
GN,GN-SI,
GP,GP-XX-1,
GQ,GQ-BN,
GQ,GQ-KN,
GQ,GQ-LI,
GQ,GQ-WN,
GR,GR-A,
GR,GR-I,
GR,GR-G,
GR,GR-C,
GR,GR-F,
GR,GR-D,
GR,GR-B,
GR,GR-M,
GR,GR-L,
GR,GR-J,
GR,GR-H,
GR,GR-E,
GR,GR-K,
GS,GS-XX-1,
GT,GT-16,
GT,GT-15,
GT,GT-04,
GT,GT-20,
GT,GT-02,
GT,GT-05,
GT,GT-01,
GT,GT-13,
GT,GT-18,
GT,GT-21,
GT,GT-22,
GT,GT-17,
GT,GT-09,
GT,GT-14,
GT,GT-11,
GT,GT-03,
GT,GT-12,
GT,GT-06,
GT,GT-07,
GT,GT-10,
GT,GT-08,
GT,GT-19,
GU,GU-XX-1,
GU,GU-XX-2,
GU,GU-XX-3,
GU,GU-XX-4,
GU,GU-XX-5,
GU,GU-XX-6,
GU,GU-XX-7,
GU,GU-XX-8,
GU,GU-XX-9,
GU,GU-XX-10,
GU,GU-XX-11,
GU,GU-XX-12,
GU,GU-XX-13,
GU,GU-XX-14,
GU,GU-XX-15,
GU,GU-XX-16,
GW,GW-BS,
GW,GW-GA,
GY,GY-CU,
GY,GY-DE,
GY,GY-EB,
GY,GY-ES,
GY,GY-MA,
GY,GY-PT,
GY,GY-UD,
HK,HK-XX-1,
HM,HM-XX-1,
HN,HN-AT,
HN,HN-CH,
HN,HN-CL,
HN,HN-CM,
HN,HN-CP,
HN,HN-CR,
HN,HN-EP,
HN,HN-FM,
HN,HN-GD,
HN,HN-IN,
HN,HN-IB,
HN,HN-LP,
HN,HN-LE,
HN,HN-OC,
HN,HN-OL,
HN,HN-SB,
HN,HN-VA,
HN,HN-YO,
HR,HR-07,
HR,HR-12,
HR,HR-19,
HR,HR-21,
HR,HR-18,
HR,HR-04,
HR,HR-06,
HR,HR-02,
HR,HR-09,
HR,HR-20,
HR,HR-14,
HR,HR-11,
HR,HR-08,
HR,HR-15,
HR,HR-03,
HR,HR-17,
HR,HR-05,
HR,HR-10,
HR,HR-16,
HR,HR-13,
HR,HR-01,
HT,HT-AR,
HT,HT-CE,
HT,HT-GA,
HT,HT-NI,
HT,HT-ND,
HT,HT-OU,
HT,HT-SD,
HT,HT-SE,
HU,HU-BK,
HU,HU-BA,
HU,HU-BE,
HU,HU-BZ,
HU,HU-BU,
HU,HU-CS,
HU,HU-FE,
HU,HU-GS,
HU,HU-HB,
HU,HU-HE,
HU,HU-JN,
HU,HU-KE,
HU,HU-NO,
HU,HU-PE,
HU,HU-SO,
HU,HU-SZ,
HU,HU-TO,
HU,HU-VA,
HU,HU-VE,
HU,HU-ZA,
ID,ID-AC,
ID,ID-BA,
ID,ID-BT,
ID,ID-BE,
ID,ID-GO,
ID,ID-JK,
ID,ID-JA,
ID,ID-JB,
ID,ID-JT,
ID,ID-JI,
ID,ID-KB,
ID,ID-KS,
ID,ID-KT,
ID,ID-KI,
ID,ID-KU,
ID,ID-BB,
ID,ID-KR,
ID,ID-LA,
ID,ID-ML,
ID,ID-MU,
ID,ID-NB,
ID,ID-NT,
ID,ID-PP,
ID,ID-PB,
ID,ID-RI,
ID,ID-SR,
ID,ID-SN,
ID,ID-ST,
ID,ID-SG,
ID,ID-SA,
ID,ID-SB,
ID,ID-SS,
ID,ID-SU,
ID,ID-YO,
IE,IE-CW,
IE,IE-CN,
IE,IE-CE,
IE,IE-CO,
IE,IE-DL,
IE,IE-D,
IE,IE-G,
IE,IE-KY,
IE,IE-KE,
IE,IE-KK,
IE,IE-LS,
IE,IE-LM,
IE,IE-LK,
IE,IE-LD,
IE,IE-LH,
IE,IE-MO,
IE,IE-MH,
IE,IE-MN,
IE,IE-OY,
IE,IE-RN,
IE,IE-SO,
IE,IE-TA,
IE,IE-WD,
IE,IE-WH,
IE,IE-WX,
IE,IE-WW,
IL,IL-D,
IL,IL-M,
IL,IL-Z,
IL,IL-HA,
IL,IL-TA,
IL,IL-JM,
IM,IM-XX-1,
IN,IN-AN,
IN,IN-AP,
IN,IN-AR,
IN,IN-AS,
IN,IN-BR,
IN,IN-CH,
IN,IN-CT,
IN,IN-DN,
IN,IN-DH,
IN,IN-DL,
IN,IN-GA,
IN,IN-GJ,
IN,IN-HR,
IN,IN-HP,
IN,IN-JK,
IN,IN-JH,
IN,IN-KA,
IN,IN-KL,
IN,IN-LD,
IN,IN-MP,
IN,IN-MH,
IN,IN-MN,
IN,IN-ML,
IN,IN-MZ,
IN,IN-NL,
IN,IN-OR,
IN,IN-PY,
IN,IN-PB,
IN,IN-RJ,
IN,IN-SK,
IN,IN-TN,
IN,IN-TG,
IN,IN-TR,
IN,IN-UP,
IN,IN-UT,
IN,IN-WB,
IO,IO-XX-1,
IQ,IQ-AN,
IQ,IQ-BA,
IQ,IQ-MU,
IQ,IQ-QA,
IQ,IQ-NA,
IQ,IQ-AR,
IQ,IQ-SU,
IQ,IQ-BB,
IQ,IQ-BG,
IQ,IQ-DA,
IQ,IQ-DQ,
IQ,IQ-DI,
IQ,IQ-KA,
IQ,IQ-KI,
IQ,IQ-MA,
IQ,IQ-NI,
IQ,IQ-SD,
IQ,IQ-WA,
IR,IR-30,
IR,IR-24,
IR,IR-04,
IR,IR-03,
IR,IR-18,
IR,IR-14,
IR,IR-10,
IR,IR-07,
IR,IR-01,
IR,IR-27,
IR,IR-13,
IR,IR-22,
IR,IR-16,
IR,IR-08,
IR,IR-05,
IR,IR-29,
IR,IR-09,
IR,IR-28,
IR,IR-06,
IR,IR-17,
IR,IR-12,
IR,IR-15,
IR,IR-00,
IR,IR-02,
IR,IR-26,
IR,IR-25,
IR,IR-20,
IR,IR-11,
IR,IR-23,
IR,IR-21,
IR,IR-19,
IS,IS-7,
IS,IS-1,
IS,IS-6,
IS,IS-5,
IS,IS-8,
IS,IS-2,
IS,IS-4,
IS,IS-3,
IT,IT-65,
IT,IT-77,
IT,IT-78,
IT,IT-72,
IT,IT-45,
IT,IT-36,
IT,IT-62,
IT,IT-42,
IT,IT-25,
IT,IT-57,
IT,IT-67,
IT,IT-21,
IT,IT-75,
IT,IT-88,
IT,IT-82,
IT,IT-52,
IT,IT-32,
IT,IT-55,
IT,IT-23,
IT,IT-34,
JE,JE-XX-1,
JM,JM-13,
JM,JM-09,
JM,JM-01,
JM,JM-12,
JM,JM-04,
JM,JM-02,
JM,JM-06,
JM,JM-14,
JM,JM-11,
JM,JM-08,
JM,JM-05,
JM,JM-03,
JM,JM-07,
JM,JM-10,
JO,JO-AJ,
JO,JO-AQ,
JO,JO-AM,
JO,JO-BA,
JO,JO-KA,
JO,JO-MA,
JO,JO-AT,
JO,JO-AZ,
JO,JO-IR,
JO,JO-JA,
JO,JO-MN,
JO,JO-MD,
JP,JP-23,
JP,JP-05,
JP,JP-02,
JP,JP-12,
JP,JP-38,
JP,JP-18,
JP,JP-40,
JP,JP-07,
JP,JP-21,
JP,JP-10,
JP,JP-34,
JP,JP-01,
JP,JP-28,
JP,JP-08,
JP,JP-17,
JP,JP-03,
JP,JP-37,
JP,JP-46,
JP,JP-14,
JP,JP-39,
JP,JP-43,
JP,JP-26,
JP,JP-24,
JP,JP-04,
JP,JP-45,
JP,JP-20,
JP,JP-42,
JP,JP-29,
JP,JP-15,
JP,JP-44,
JP,JP-33,
JP,JP-47,
JP,JP-27,
JP,JP-41,
JP,JP-11,
JP,JP-25,
JP,JP-32,
JP,JP-22,
JP,JP-09,
JP,JP-36,
JP,JP-13,
JP,JP-31,
JP,JP-16,
JP,JP-30,
JP,JP-06,
JP,JP-35,
JP,JP-19,
KE,KE-01,
KE,KE-02,
KE,KE-03,
KE,KE-04,
KE,KE-05,
KE,KE-06,
KE,KE-07,
KE,KE-08,
KE,KE-09,
KE,KE-10,
KE,KE-11,
KE,KE-12,
KE,KE-13,
KE,KE-14,
KE,KE-15,
KE,KE-16,
KE,KE-17,
KE,KE-18,
KE,KE-19,
KE,KE-20,
KE,KE-21,
KE,KE-22,
KE,KE-23,
KE,KE-24,
KE,KE-25,
KE,KE-26,
KE,KE-27,
KE,KE-28,
KE,KE-29,
KE,KE-30,
KE,KE-31,
KE,KE-32,
KE,KE-33,
KE,KE-34,
KE,KE-35,
KE,KE-36,
KE,KE-37,
KE,KE-38,
KE,KE-39,
KE,KE-40,
KE,KE-41,
KE,KE-42,
KE,KE-43,
KE,KE-44,
KE,KE-45,
KE,KE-46,
KE,KE-47,
KG,KG-B,
KG,KG-GB,
KG,KG-C,
KG,KG-J,
KG,KG-N,
KG,KG-GO,
KG,KG-T,
KG,KG-Y,
KH,KH-2,
KH,KH-1,
KH,KH-23,
KH,KH-3,
KH,KH-4,
KH,KH-5,
KH,KH-6,
KH,KH-7,
KH,KH-8,
KH,KH-10,
KH,KH-11,
KH,KH-24,
KH,KH-12,
KH,KH-15,
KH,KH-18,
KH,KH-14,
KH,KH-16,
KH,KH-17,
KH,KH-19,
KH,KH-20,
KH,KH-21,
KI,KI-G,
KM,KM-G,
KM,KM-M,
KN,KN-01,
KN,KN-02,
KN,KN-03,
KN,KN-05,
KN,KN-06,
KN,KN-07,
KN,KN-08,
KN,KN-09,
KN,KN-10,
KN,KN-11,
KN,KN-12,
KN,KN-13,
KN,KN-15,
KP,KP-01,
KR,KR-26,
KR,KR-43,
KR,KR-44,
KR,KR-27,
KR,KR-30,
KR,KR-42,
KR,KR-29,
KR,KR-41,
KR,KR-47,
KR,KR-48,
KR,KR-28,
KR,KR-49,
KR,KR-45,
KR,KR-46,
KR,KR-11,
KR,KR-31,
KW,KW-KU,
KW,KW-AH,
KW,KW-FA,
KW,KW-JA,
KW,KW-HA,
KW,KW-MU,
KY,KY-XX-1,
KZ,KZ-ALA,
KZ,KZ-ALM,
KZ,KZ-AKM,
KZ,KZ-AKT,
KZ,KZ-ATY,
KZ,KZ-ZAP,
KZ,KZ-MAN,
KZ,KZ-AST,
KZ,KZ-YUZ,
KZ,KZ-PAV,
KZ,KZ-KAR,
KZ,KZ-KUS,
KZ,KZ-KZY,
KZ,KZ-VOS,
KZ,KZ-SHY,
KZ,KZ-SEV,
KZ,KZ-ZHA,
LA,LA-AT,
LA,LA-BL,
LA,LA-CH,
LA,LA-HO,
LA,LA-KH,
LA,LA-OU,
LA,LA-PH,
LA,LA-SV,
LA,LA-VI,
LA,LA-XA,
LA,LA-XE,
LA,LA-XI,
LB,LB-AK,
LB,LB-BH,
LB,LB-BI,
LB,LB-BA,
LB,LB-AS,
LB,LB-JA,
LB,LB-JL,
LB,LB-NA,
LC,LC-01,
LC,LC-02,
LC,LC-03,
LC,LC-05,
LC,LC-06,
LC,LC-07,
LC,LC-08,
LC,LC-10,
LC,LC-11,
LI,LI-01,
LI,LI-02,
LI,LI-03,
LI,LI-04,
LI,LI-05,
LI,LI-06,
LI,LI-07,
LI,LI-09,
LI,LI-10,
LI,LI-11,
LK,LK-2,
LK,LK-5,
LK,LK-7,
LK,LK-6,
LK,LK-4,
LK,LK-9,
LK,LK-3,
LK,LK-8,
LK,LK-1,
LR,LR-BM,
LR,LR-GB,
LR,LR-GG,
LR,LR-MG,
LR,LR-MO,
LR,LR-NI,
LR,LR-SI,
LS,LS-D,
LS,LS-B,
LS,LS-C,
LS,LS-E,
LS,LS-A,
LS,LS-F,
LS,LS-J,
LS,LS-H,
LS,LS-G,
LS,LS-K,
LT,LT-AL,
LT,LT-KU,
LT,LT-KL,
LT,LT-MR,
LT,LT-PN,
LT,LT-SA,
LT,LT-TA,
LT,LT-TE,
LT,LT-UT,
LT,LT-VL,
LU,LU-CA,
LU,LU-CL,
LU,LU-DI,
LU,LU-EC,
LU,LU-ES,
LU,LU-GR,
LU,LU-LU,
LU,LU-ME,
LU,LU-RD,
LU,LU-RM,
LU,LU-VD,
LU,LU-WI,
LV,LV-011,
LV,LV-002,
LV,LV-007,
LV,LV-111,
LV,LV-015,
LV,LV-016,
LV,LV-022,
LV,LV-DGV,
LV,LV-112,
LV,LV-026,
LV,LV-033,
LV,LV-042,
LV,LV-JEL,
LV,LV-041,
LV,LV-JUR,
LV,LV-052,
LV,LV-047,
LV,LV-050,
LV,LV-LPX,
LV,LV-054,
LV,LV-056,
LV,LV-058,
LV,LV-059,
LV,LV-062,
LV,LV-067,
LV,LV-068,
LV,LV-073,
LV,LV-077,
LV,LV-RIX,
LV,LV-080,
LV,LV-087,
LV,LV-088,
LV,LV-089,
LV,LV-091,
LV,LV-094,
LV,LV-097,
LV,LV-099,
LV,LV-101,
LV,LV-113,
LV,LV-102,
LV,LV-106,
LY,LY-BU,
LY,LY-JA,
LY,LY-JG,
LY,LY-JI,
LY,LY-JU,
LY,LY-KF,
LY,LY-MJ,
LY,LY-MB,
LY,LY-WA,
LY,LY-NQ,
LY,LY-ZA,
LY,LY-BA,
LY,LY-DR,
LY,LY-MI,
LY,LY-NL,
LY,LY-SB,
LY,LY-SR,
LY,LY-TB,
LY,LY-WS,
MA,MA-05,
MA,MA-06,
MA,MA-08,
MA,MA-03,
MA,MA-10,
MA,MA-02,
MA,MA-11,
MA,MA-07,
MA,MA-04,
MA,MA-09,
MA,MA-01,
MC,MC-FO,
MC,MC-CO,
MC,MC-MO,
MC,MC-MC,
MC,MC-SR,
MD,MD-AN,
MD,MD-BA,
MD,MD-BS,
MD,MD-BD,
MD,MD-BR,
MD,MD-CA,
MD,MD-CL,
MD,MD-CT,
MD,MD-CS,
MD,MD-CU,
MD,MD-CM,
MD,MD-CR,
MD,MD-DO,
MD,MD-DR,
MD,MD-DU,
MD,MD-ED,
MD,MD-FA,
MD,MD-FL,
MD,MD-GA,
MD,MD-GL,
MD,MD-HI,
MD,MD-IA,
MD,MD-LE,
MD,MD-NI,
MD,MD-OC,
MD,MD-OR,
MD,MD-RE,
MD,MD-RI,
MD,MD-SI,
MD,MD-SD,
MD,MD-SO,
MD,MD-SV,
MD,MD-SN,
MD,MD-ST,
MD,MD-TA,
MD,MD-TE,
MD,MD-UN,
ME,ME-01,
ME,ME-02,
ME,ME-03,
ME,ME-04,
ME,ME-05,
ME,ME-06,
ME,ME-07,
ME,ME-08,
ME,ME-10,
ME,ME-12,
ME,ME-13,
ME,ME-14,
ME,ME-15,
ME,ME-16,
ME,ME-17,
ME,ME-19,
ME,ME-24,
ME,ME-20,
ME,ME-21,
MF,MF-XX-1,
MG,MG-T,
MG,MG-D,
MG,MG-F,
MG,MG-M,
MG,MG-A,
MG,MG-U,
MH,MH-KWA,
MH,MH-MAJ,
MK,MK-802,
MK,MK-201,
MK,MK-501,
MK,MK-401,
MK,MK-601,
MK,MK-402,
MK,MK-602,
MK,MK-803,
MK,MK-109,
MK,MK-814,
MK,MK-210,
MK,MK-816,
MK,MK-303,
MK,MK-203,
MK,MK-502,
MK,MK-406,
MK,MK-503,
MK,MK-804,
MK,MK-405,
MK,MK-604,
MK,MK-102,
MK,MK-807,
MK,MK-606,
MK,MK-205,
MK,MK-104,
MK,MK-307,
MK,MK-809,
MK,MK-206,
MK,MK-701,
MK,MK-702,
MK,MK-505,
MK,MK-703,
MK,MK-704,
MK,MK-105,
MK,MK-207,
MK,MK-308,
MK,MK-607,
MK,MK-506,
MK,MK-106,
MK,MK-507,
MK,MK-408,
MK,MK-310,
MK,MK-208,
MK,MK-810,
MK,MK-311,
MK,MK-508,
MK,MK-209,
MK,MK-409,
MK,MK-705,
MK,MK-509,
MK,MK-107,
MK,MK-811,
MK,MK-812,
MK,MK-211,
MK,MK-312,
MK,MK-410,
MK,MK-813,
MK,MK-108,
MK,MK-608,
MK,MK-609,
MK,MK-403,
MK,MK-404,
MK,MK-101,
MK,MK-301,
MK,MK-202,
MK,MK-603,
MK,MK-806,
MK,MK-605,
ML,ML-BKO,
ML,ML-7,
ML,ML-1,
ML,ML-8,
ML,ML-2,
ML,ML-5,
ML,ML-4,
ML,ML-3,
ML,ML-6,
MM,MM-07,
MM,MM-02,
MM,MM-14,
MM,MM-11,
MM,MM-12,
MM,MM-13,
MM,MM-03,
MM,MM-04,
MM,MM-15,
MM,MM-18,
MM,MM-16,
MM,MM-01,
MM,MM-17,
MM,MM-05,
MM,MM-06,
MN,MN-071,
MN,MN-037,
MN,MN-061,
MN,MN-063,
MN,MN-065,
MN,MN-043,
MN,MN-035,
MN,MN-055,
MN,MN-049,
MN,MN-047,
MN,MN-1,
MO,MO-XX-1,
MP,MP-XX-1,
MQ,MQ-XX-1,
MR,MR-07,
MR,MR-03,
MR,MR-05,
MR,MR-08,
MR,MR-04,
MR,MR-10,
MR,MR-01,
MR,MR-02,
MR,MR-12,
MR,MR-13,
MR,MR-09,
MR,MR-11,
MR,MR-06,
MS,MS-XX-1,
MS,MS-XX-2,
MT,MT-01,
MT,MT-02,
MT,MT-03,
MT,MT-04,
MT,MT-05,
MT,MT-06,
MT,MT-07,
MT,MT-08,
MT,MT-09,
MT,MT-10,
MT,MT-14,
MT,MT-15,
MT,MT-16,
MT,MT-17,
MT,MT-11,
MT,MT-12,
MT,MT-18,
MT,MT-19,
MT,MT-20,
MT,MT-21,
MT,MT-22,
MT,MT-23,
MT,MT-24,
MT,MT-25,
MT,MT-26,
MT,MT-27,
MT,MT-28,
MT,MT-29,
MT,MT-30,
MT,MT-31,
MT,MT-32,
MT,MT-33,
MT,MT-34,
MT,MT-35,
MT,MT-36,
MT,MT-37,
MT,MT-38,
MT,MT-39,
MT,MT-40,
MT,MT-41,
MT,MT-42,
MT,MT-43,
MT,MT-45,
MT,MT-46,
MT,MT-49,
MT,MT-48,
MT,MT-53,
MT,MT-51,
MT,MT-52,
MT,MT-54,
MT,MT-55,
MT,MT-56,
MT,MT-57,
MT,MT-58,
MT,MT-59,
MT,MT-60,
MT,MT-61,
MT,MT-62,
MT,MT-63,
MT,MT-64,
MT,MT-65,
MT,MT-67,
MT,MT-68,
MU,MU-BL,
MU,MU-FL,
MU,MU-GP,
MU,MU-MO,
MU,MU-PA,
MU,MU-PW,
MU,MU-PL,
MU,MU-RR,
MU,MU-RO,
MU,MU-SA,
MV,MV-01,
MV,MV-03,
MV,MV-04,
MV,MV-05,
MV,MV-MLE,
MV,MV-12,
MV,MV-13,
MV,MV-00,
MV,MV-28,
MV,MV-20,
MV,MV-25,
MV,MV-17,
MW,MW-BA,
MW,MW-BL,
MW,MW-CK,
MW,MW-CR,
MW,MW-DE,
MW,MW-DO,
MW,MW-KR,
MW,MW-LI,
MW,MW-MH,
MW,MW-MG,
MW,MW-MW,
MW,MW-MZ,
MW,MW-NE,
MW,MW-NK,
MW,MW-PH,
MW,MW-SA,
MW,MW-TH,
MW,MW-ZO,
MX,MX-AGU,
MX,MX-BCN,
MX,MX-BCS,
MX,MX-CAM,
MX,MX-CHP,
MX,MX-CHH,
MX,MX-CMX,
MX,MX-COA,
MX,MX-COL,
MX,MX-DUR,
MX,MX-GUA,
MX,MX-GRO,
MX,MX-HID,
MX,MX-JAL,
MX,MX-MEX,
MX,MX-MIC,
MX,MX-MOR,
MX,MX-NAY,
MX,MX-NLE,
MX,MX-OAX,
MX,MX-PUE,
MX,MX-QUE,
MX,MX-ROO,
MX,MX-SLP,
MX,MX-SIN,
MX,MX-SON,
MX,MX-TAB,
MX,MX-TAM,
MX,MX-TLA,
MX,MX-VER,
MX,MX-YUC,
MX,MX-ZAC,
MY,MY-01,
MY,MY-02,
MY,MY-03,
MY,MY-04,
MY,MY-05,
MY,MY-06,
MY,MY-08,
MY,MY-09,
MY,MY-07,
MY,MY-12,
MY,MY-13,
MY,MY-10,
MY,MY-11,
MY,MY-14,
MY,MY-15,
MY,MY-16,
MZ,MZ-P,
MZ,MZ-G,
MZ,MZ-I,
MZ,MZ-B,
MZ,MZ-L,
MZ,MZ-N,
MZ,MZ-A,
MZ,MZ-S,
MZ,MZ-T,
MZ,MZ-Q,
NA,NA-ER,
NA,NA-HA,
NA,NA-KA,
NA,NA-KE,
NA,NA-KW,
NA,NA-KH,
NA,NA-KU,
NA,NA-OW,
NA,NA-OH,
NA,NA-OS,
NA,NA-ON,
NA,NA-OT,
NA,NA-OD,
NA,NA-CA,
NC,NC-XX-1,
NC,NC-XX-2,
NE,NE-1,
NE,NE-2,
NE,NE-3,
NE,NE-8,
NE,NE-5,
NE,NE-6,
NE,NE-7,
NF,NF-XX-1,
NG,NG-AB,
NG,NG-FC,
NG,NG-AD,
NG,NG-AK,
NG,NG-AN,
NG,NG-BA,
NG,NG-BY,
NG,NG-BE,
NG,NG-BO,
NG,NG-CR,
NG,NG-DE,
NG,NG-EB,
NG,NG-ED,
NG,NG-EK,
NG,NG-EN,
NG,NG-GO,
NG,NG-IM,
NG,NG-JI,
NG,NG-KD,
NG,NG-KN,
NG,NG-KT,
NG,NG-KE,
NG,NG-KO,
NG,NG-KW,
NG,NG-LA,
NG,NG-NA,
NG,NG-NI,
NG,NG-OG,
NG,NG-ON,
NG,NG-OS,
NG,NG-OY,
NG,NG-PL,
NG,NG-RI,
NG,NG-SO,
NG,NG-TA,
NG,NG-YO,
NG,NG-ZA,
NI,NI-BO,
NI,NI-CA,
NI,NI-CI,
NI,NI-CO,
NI,NI-AN,
NI,NI-AS,
NI,NI-ES,
NI,NI-GR,
NI,NI-JI,
NI,NI-LE,
NI,NI-MD,
NI,NI-MN,
NI,NI-MS,
NI,NI-MT,
NI,NI-NS,
NI,NI-SJ,
NI,NI-RI,
NL,NL-DR,
NL,NL-FL,
NL,NL-FR,
NL,NL-GE,
NL,NL-GR,
NL,NL-LI,
NL,NL-NB,
NL,NL-NH,
NL,NL-OV,
NL,NL-UT,
NL,NL-ZE,
NL,NL-ZH,
NO,NO-42,
NO,NO-34,
NO,NO-15,
NO,NO-18,
NO,NO-03,
NO,NO-11,
NO,NO-54,
NO,NO-50,
NO,NO-38,
NO,NO-46,
NO,NO-30,
NP,NP-BA,
NP,NP-BH,
NP,NP-DH,
NP,NP-GA,
NP,NP-JA,
NP,NP-KA,
NP,NP-KO,
NP,NP-LU,
NP,NP-MA,
NP,NP-ME,
NP,NP-NA,
NP,NP-RA,
NP,NP-SA,
NP,NP-SE,
NR,NR-01,
NR,NR-03,
NR,NR-14,
NU,NU-XX-1,
NZ,NZ-AUK,
NZ,NZ-BOP,
NZ,NZ-CAN,
NZ,NZ-CIT,
NZ,NZ-GIS,
NZ,NZ-HKB,
NZ,NZ-MWT,
NZ,NZ-MBH,
NZ,NZ-NSN,
NZ,NZ-NTL,
NZ,NZ-OTA,
NZ,NZ-STL,
NZ,NZ-TKI,
NZ,NZ-TAS,
NZ,NZ-WKO,
NZ,NZ-WGN,
NZ,NZ-WTC,
OM,OM-DA,
OM,OM-BU,
OM,OM-WU,
OM,OM-ZA,
OM,OM-BJ,
OM,OM-SJ,
OM,OM-MA,
OM,OM-MU,
OM,OM-BS,
OM,OM-SS,
OM,OM-ZU,
PA,PA-1,
PA,PA-4,
PA,PA-2,
PA,PA-3,
PA,PA-5,
PA,PA-KY,
PA,PA-6,
PA,PA-7,
PA,PA-NB,
PA,PA-8,
PA,PA-9,
PE,PE-AMA,
PE,PE-ANC,
PE,PE-APU,
PE,PE-ARE,
PE,PE-AYA,
PE,PE-CAJ,
PE,PE-CUS,
PE,PE-CAL,
PE,PE-HUV,
PE,PE-HUC,
PE,PE-ICA,
PE,PE-JUN,
PE,PE-LAL,
PE,PE-LAM,
PE,PE-LIM,
PE,PE-LOR,
PE,PE-MDD,
PE,PE-MOQ,
PE,PE-PAS,
PE,PE-PIU,
PE,PE-PUN,
PE,PE-SAM,
PE,PE-TAC,
PE,PE-TUM,
PE,PE-UCA,
PF,PF-XX-1,
PF,PF-XX-2,
PF,PF-XX-3,
PF,PF-XX-4,
PF,PF-XX-5,
PG,PG-NSB,
PG,PG-CPM,
PG,PG-CPK,
PG,PG-EBR,
PG,PG-EHG,
PG,PG-MPM,
PG,PG-MRL,
PG,PG-MBA,
PG,PG-MPL,
PG,PG-NCD,
PG,PG-SHM,
PG,PG-WBK,
PG,PG-SAN,
PG,PG-WPD,
PG,PG-WHM,
PH,PH-ABR,
PH,PH-AGN,
PH,PH-AGS,
PH,PH-AKL,
PH,PH-ALB,
PH,PH-ANT,
PH,PH-APA,
PH,PH-AUR,
PH,PH-BAS,
PH,PH-BAN,
PH,PH-BTN,
PH,PH-BTG,
PH,PH-BEN,
PH,PH-BIL,
PH,PH-BOH,
PH,PH-BUK,
PH,PH-BUL,
PH,PH-CAG,
PH,PH-CAN,
PH,PH-CAS,
PH,PH-CAM,
PH,PH-CAP,
PH,PH-CAT,
PH,PH-CAV,
PH,PH-CEB,
PH,PH-NCO,
PH,PH-DAO,
PH,PH-COM,
PH,PH-DAV,
PH,PH-DAS,
PH,PH-DIN,
PH,PH-EAS,
PH,PH-GUI,
PH,PH-IFU,
PH,PH-ILN,
PH,PH-ILS,
PH,PH-ILI,
PH,PH-ISA,
PH,PH-KAL,
PH,PH-LUN,
PH,PH-LAG,
PH,PH-LAN,
PH,PH-LAS,
PH,PH-LEY,
PH,PH-MAG,
PH,PH-MAD,
PH,PH-MAS,
PH,PH-MDC,
PH,PH-MDR,
PH,PH-MSC,
PH,PH-MSR,
PH,PH-MOU,
PH,PH-00,
PH,PH-NEC,
PH,PH-NER,
PH,PH-NSA,
PH,PH-NUE,
PH,PH-NUV,
PH,PH-PLW,
PH,PH-PAM,
PH,PH-PAN,
PH,PH-QUE,
PH,PH-QUI,
PH,PH-RIZ,
PH,PH-ROM,
PH,PH-WSA,
PH,PH-SAR,
PH,PH-SIG,
PH,PH-SOR,
PH,PH-SCO,
PH,PH-SLE,
PH,PH-SUK,
PH,PH-SLU,
PH,PH-SUN,
PH,PH-SUR,
PH,PH-TAR,
PH,PH-TAW,
PH,PH-ZMB,
PH,PH-ZSI,
PH,PH-ZAN,
PH,PH-ZAS,
PK,PK-JK,
PK,PK-BA,
PK,PK-GB,
PK,PK-IS,
PK,PK-KP,
PK,PK-PB,
PK,PK-SD,
PL,PL-02,
PL,PL-04,
PL,PL-10,
PL,PL-06,
PL,PL-08,
PL,PL-12,
PL,PL-14,
PL,PL-16,
PL,PL-18,
PL,PL-20,
PL,PL-22,
PL,PL-24,
PL,PL-26,
PL,PL-28,
PL,PL-30,
PL,PL-32,
PM,PM-XX-1,
PN,PN-XX-1,
PR,PR-XX-1,
PR,PR-XX-2,
PR,PR-XX-3,
PR,PR-XX-4,
PR,PR-XX-5,
PR,PR-XX-6,
PR,PR-XX-7,
PR,PR-XX-8,
PR,PR-XX-9,
PR,PR-XX-10,
PR,PR-XX-11,
PR,PR-XX-12,
PR,PR-XX-13,
PR,PR-XX-14,
PR,PR-XX-15,
PR,PR-XX-16,
PR,PR-XX-17,
PR,PR-XX-18,
PR,PR-XX-19,
PR,PR-XX-20,
PR,PR-XX-21,
PR,PR-XX-22,
PR,PR-XX-23,
PR,PR-XX-24,
PR,PR-XX-25,
PR,PR-XX-26,
PR,PR-XX-27,
PR,PR-XX-28,
PR,PR-XX-29,
PR,PR-XX-30,
PR,PR-XX-31,
PR,PR-XX-32,
PR,PR-XX-33,
PR,PR-XX-34,
PR,PR-XX-35,
PR,PR-XX-36,
PR,PR-XX-37,
PR,PR-XX-38,
PR,PR-XX-39,
PR,PR-XX-40,
PR,PR-XX-41,
PR,PR-XX-42,
PR,PR-XX-43,
PR,PR-XX-44,
PR,PR-XX-45,
PR,PR-XX-46,
PR,PR-XX-47,
PR,PR-XX-48,
PR,PR-XX-49,
PR,PR-XX-50,
PR,PR-XX-51,
PR,PR-XX-52,
PR,PR-XX-53,
PR,PR-XX-54,
PR,PR-XX-55,
PR,PR-XX-56,
PR,PR-XX-57,
PR,PR-XX-58,
PR,PR-XX-59,
PR,PR-XX-60,
PR,PR-XX-61,
PR,PR-XX-62,
PR,PR-XX-63,
PR,PR-XX-64,
PR,PR-XX-65,
PR,PR-XX-66,
PR,PR-XX-67,
PR,PR-XX-68,
PR,PR-XX-69,
PR,PR-XX-70,
PR,PR-XX-71,
PR,PR-XX-72,
PR,PR-XX-73,
PR,PR-XX-74,
PR,PR-XX-75,
PR,PR-XX-76,
PS,PS-BTH,
PS,PS-DEB,
PS,PS-GZA,
PS,PS-HBN,
PS,PS-JEN,
PS,PS-JRH,
PS,PS-JEM,
PS,PS-KYS,
PS,PS-NBS,
PS,PS-QQA,
PS,PS-RFH,
PS,PS-RBH,
PS,PS-SLT,
PS,PS-TBS,
PS,PS-TKM,
PT,PT-01,
PT,PT-02,
PT,PT-03,
PT,PT-04,
PT,PT-05,
PT,PT-06,
PT,PT-07,
PT,PT-08,
PT,PT-09,
PT,PT-10,
PT,PT-11,
PT,PT-12,
PT,PT-13,
PT,PT-30,
PT,PT-20,
PT,PT-14,
PT,PT-15,
PT,PT-16,
PT,PT-17,
PT,PT-18,
PW,PW-004,
PW,PW-100,
PW,PW-150,
PW,PW-212,
PW,PW-214,
PW,PW-222,
PY,PY-10,
PY,PY-13,
PY,PY-ASU,
PY,PY-19,
PY,PY-5,
PY,PY-6,
PY,PY-14,
PY,PY-11,
PY,PY-1,
PY,PY-3,
PY,PY-4,
PY,PY-7,
PY,PY-8,
PY,PY-12,
PY,PY-9,
PY,PY-15,
PY,PY-2,
QA,QA-DA,
QA,QA-KH,
QA,QA-WA,
QA,QA-RA,
QA,QA-MS,
QA,QA-ZA,
QA,QA-US,
RE,RE-XX-1,
RO,RO-AB,
RO,RO-AR,
RO,RO-AG,
RO,RO-BC,
RO,RO-BH,
RO,RO-BN,
RO,RO-BT,
RO,RO-BR,
RO,RO-BV,
RO,RO-B,
RO,RO-BZ,
RO,RO-CL,
RO,RO-CS,
RO,RO-CJ,
RO,RO-CT,
RO,RO-CV,
RO,RO-DB,
RO,RO-DJ,
RO,RO-GL,
RO,RO-GR,
RO,RO-GJ,
RO,RO-HR,
RO,RO-HD,
RO,RO-IL,
RO,RO-IS,
RO,RO-IF,
RO,RO-MM,
RO,RO-MH,
RO,RO-MS,
RO,RO-NT,
RO,RO-OT,
RO,RO-PH,
RO,RO-SJ,
RO,RO-SM,
RO,RO-SB,
RO,RO-SV,
RO,RO-TR,
RO,RO-TM,
RO,RO-TL,
RO,RO-VL,
RO,RO-VS,
RO,RO-VN,
RS,RS-00,
RS,RS-14,
RS,RS-11,
RS,RS-23,
RS,RS-06,
RS,RS-04,
RS,RS-09,
RS,RS-28,
RS,RS-08,
RS,RS-17,
RS,RS-20,
RS,RS-24,
RS,RS-26,
RS,RS-22,
RS,RS-10,
RS,RS-13,
RS,RS-27,
RS,RS-19,
RS,RS-18,
RS,RS-01,
RS,RS-03,
RS,RS-02,
RS,RS-07,
RS,RS-12,
RS,RS-21,
RS,RS-15,
RS,RS-05,
RS,RS-16,
RU,RU-AD,Ադըղեայի Հանրապետություն
RU,RU-AL,Ալթայի Հանրապետություն
RU,RU-ALT,Ալթայի երկրամաս
RU,RU-AMU,Ամուրի մարզ
RU,RU-ARK,Արխանգելսկի մարզ
RU,RU-AST,Աստրախանի մարզ
RU,RU-BA,Բաշկորտոստանի Հանրապետություն
RU,RU-BEL,Բելգորոդի մարզ
RU,RU-BRY,Բրյանսկի մարզ
RU,RU-BU,Բուրյաթիայի Հանրապետություն
RU,RU-CE,Չեչնիա
RU,RU-CHE,Չելյաբինսկի մարզ
RU,RU-CHU,Չուկոտկայի ինքնավար շրջան
RU,RU-CU,Չուվաշիա
RU,RU-DA,Դաղստանի Հանրապետություն
RU,RU-IN,Ինգուշեթիայի Հանրապետություն
RU,RU-IRK,Իրկուտսկի մարզ
RU,RU-IVA,Իվանովոյի մարզ
RU,RU-KB,Կաբարդա-Բալկարիա
RU,RU-KGD,Կալինինգրադի մարզ
RU,RU-KL,Կալմիկիա
RU,RU-KLU,Կալուգայի մարզ
RU,RU-KAM,Կամչատկայի երկրամաս
RU,RU-KC,Կարաչայ-Չերքեզիա
RU,RU-KR,Կարելիայի Հանրապետություն
RU,RU-KEM,Կեմերովոյի մարզ
RU,RU-KHA,Խաբարովսկի երկրամաս
RU,RU-KK,Խակասիա
RU,RU-KHM,Խանտի-Մանսիական ինքնավար շրջան
RU,RU-KIR,Կիրովի մարզ
RU,RU-KO,Կոմի Հանրապետություն
RU,RU-KOS,Կոստրոմայի մարզ
RU,RU-KDA,Կրասնոդարի երկրամաս
RU,RU-KYA,Կրասնոյարսկի երկրամաս
RU,RU-KGN,Կուրգանի մարզ
RU,RU-KRS,Կուրսկի մարզ
RU,RU-LEN,Լենինգրադի մարզ
RU,RU-LIP,Լիպեցկի մարզ
RU,RU-MAG,Մագադանի մարզ
RU,RU-ME,Մարի Էլ
RU,RU-MO,Մորդովիայի Հանրապետություն
RU,RU-MOS,Մոսկվայի մարզ
RU,RU-MOW,Մոսկվա
RU,RU-MUR,Մուրմանսկի մարզ
RU,RU-NEN,Նենեցյան ինքնավար շրջան
RU,RU-NIZ,Նիժնի Նովգորոդի մարզ
RU,RU-NGR,Նովգորոդի մարզ
RU,RU-NVS,Նովոսիբիրսկի մարզ
RU,RU-OMS,Օմսկի մարզ
RU,RU-ORE,Օրենբուրգի մարզ
RU,RU-ORL,Օրյոլի մարզ
RU,RU-PNZ,Պենզայի մարզ
RU,RU-PER,Պերմի երկրամաս
RU,RU-PRI,Պրիմորիեի երկրամաս
RU,RU-PSK,Պսկովի մարզ
RU,RU-ROS,Ռոստովի մարզ
RU,RU-RYA,Ռյազանի մարզ
RU,RU-SA,Սախա-Յակուտիայի Հանրապետություն
RU,RU-SAK,Սախալինի մարզ
RU,RU-SAM,Սամարայի մարզ
RU,RU-SPE,Սանկտ Պետերբուրգ
RU,RU-SAR,Սարատովի մարզ
RU,RU-SE,Հյուսիսային Օսիա
RU,RU-SMO,Սմոլենսկի մարզ
RU,RU-STA,Ստավրոպոլի երկրամաս
RU,RU-SVE,Սվերդլովսկի մարզ
RU,RU-TAM,Տամբովի մարզ
RU,RU-TA,Թաթարստան
RU,RU-TOM,Տոմսկի մարզ
RU,RU-TUL,Տուլայի մարզ
RU,RU-TVE,Տվերի մարզ
RU,RU-TYU,Տյումենի մարզ
RU,RU-TY,Տիվայի Հանրապետություն
RU,RU-UD,Ուդմուրտիա
RU,RU-ULY,Ուլյանովսկի մարզ
RU,RU-VLA,Վլադիմիրի մարզ
RU,RU-VGG,Վոլգոգրադի մարզ
RU,RU-VLG,Վոլոգդայի մարզ
RU,RU-VOR,Վորոնեժի մարզ
RU,RU-YAN,Յամալ-Նենեցյան ինքնավար շրջան
RU,RU-YAR,Յարոսլավլի մարզ
RU,RU-YEV,Հրեական ինքնավար մարզ
RU,RU-ZAB,Անդրբայկալյան երկրամաս
RW,RW-02,
RW,RW-03,
RW,RW-04,
RW,RW-05,
RW,RW-01,
SA,SA-14,
SA,SA-11,
SA,SA-08,
SA,SA-12,
SA,SA-03,
SA,SA-05,
SA,SA-01,
SA,SA-04,
SA,SA-06,
SA,SA-09,
SA,SA-02,
SA,SA-10,
SA,SA-07,
SB,SB-CH,
SB,SB-GU,
SB,SB-WE,
SC,SC-02,
SC,SC-05,
SC,SC-01,
SC,SC-06,
SC,SC-07,
SC,SC-08,
SC,SC-10,
SC,SC-11,
SC,SC-16,
SC,SC-13,
SC,SC-14,
SC,SC-15,
SC,SC-20,
SC,SC-23,
SD,SD-NB,
SD,SD-DC,
SD,SD-GD,
SD,SD-GZ,
SD,SD-KA,
SD,SD-KH,
SD,SD-DN,
SD,SD-KN,
SD,SD-NO,
SD,SD-RS,
SD,SD-NR,
SD,SD-SI,
SD,SD-DS,
SD,SD-KS,
SD,SD-DW,
SD,SD-GK,
SD,SD-NW,
SE,SE-K,
SE,SE-W,
SE,SE-X,
SE,SE-I,
SE,SE-N,
SE,SE-Z,
SE,SE-F,
SE,SE-H,
SE,SE-G,
SE,SE-BD,
SE,SE-T,
SE,SE-E,
SE,SE-M,
SE,SE-D,
SE,SE-AB,
SE,SE-C,
SE,SE-S,
SE,SE-AC,
SE,SE-Y,
SE,SE-U,
SE,SE-O,
SG,SG-XX-1,
SH,SH-HL,
SI,SI-001,
SI,SI-213,
SI,SI-195,
SI,SI-002,
SI,SI-148,
SI,SI-149,
SI,SI-003,
SI,SI-150,
SI,SI-004,
SI,SI-005,
SI,SI-006,
SI,SI-151,
SI,SI-007,
SI,SI-009,
SI,SI-008,
SI,SI-152,
SI,SI-011,
SI,SI-012,
SI,SI-013,
SI,SI-014,
SI,SI-196,
SI,SI-015,
SI,SI-017,
SI,SI-018,
SI,SI-019,
SI,SI-154,
SI,SI-020,
SI,SI-155,
SI,SI-021,
SI,SI-156,
SI,SI-023,
SI,SI-024,
SI,SI-025,
SI,SI-026,
SI,SI-207,
SI,SI-029,
SI,SI-031,
SI,SI-158,
SI,SI-032,
SI,SI-159,
SI,SI-160,
SI,SI-161,
SI,SI-162,
SI,SI-034,
SI,SI-035,
SI,SI-036,
SI,SI-037,
SI,SI-038,
SI,SI-039,
SI,SI-040,
SI,SI-041,
SI,SI-042,
SI,SI-043,
SI,SI-044,
SI,SI-045,
SI,SI-046,
SI,SI-047,
SI,SI-048,
SI,SI-049,
SI,SI-164,
SI,SI-050,
SI,SI-197,
SI,SI-165,
SI,SI-052,
SI,SI-053,
SI,SI-166,
SI,SI-054,
SI,SI-055,
SI,SI-056,
SI,SI-057,
SI,SI-058,
SI,SI-059,
SI,SI-060,
SI,SI-061,
SI,SI-063,
SI,SI-208,
SI,SI-064,
SI,SI-065,
SI,SI-066,
SI,SI-167,
SI,SI-067,
SI,SI-068,
SI,SI-069,
SI,SI-198,
SI,SI-070,
SI,SI-168,
SI,SI-071,
SI,SI-072,
SI,SI-073,
SI,SI-074,
SI,SI-169,
SI,SI-075,
SI,SI-212,
SI,SI-170,
SI,SI-076,
SI,SI-199,
SI,SI-077,
SI,SI-079,
SI,SI-080,
SI,SI-081,
SI,SI-082,
SI,SI-083,
SI,SI-084,
SI,SI-085,
SI,SI-086,
SI,SI-171,
SI,SI-087,
SI,SI-090,
SI,SI-091,
SI,SI-092,
SI,SI-172,
SI,SI-200,
SI,SI-173,
SI,SI-094,
SI,SI-174,
SI,SI-095,
SI,SI-175,
SI,SI-096,
SI,SI-097,
SI,SI-098,
SI,SI-099,
SI,SI-100,
SI,SI-101,
SI,SI-102,
SI,SI-103,
SI,SI-176,
SI,SI-209,
SI,SI-201,
SI,SI-104,
SI,SI-106,
SI,SI-105,
SI,SI-108,
SI,SI-033,
SI,SI-109,
SI,SI-183,
SI,SI-117,
SI,SI-118,
SI,SI-119,
SI,SI-120,
SI,SI-211,
SI,SI-110,
SI,SI-111,
SI,SI-121,
SI,SI-122,
SI,SI-123,
SI,SI-112,
SI,SI-113,
SI,SI-114,
SI,SI-124,
SI,SI-206,
SI,SI-125,
SI,SI-194,
SI,SI-179,
SI,SI-180,
SI,SI-126,
SI,SI-115,
SI,SI-127,
SI,SI-203,
SI,SI-204,
SI,SI-182,
SI,SI-116,
SI,SI-210,
SI,SI-205,
SI,SI-184,
SI,SI-010,
SI,SI-128,
SI,SI-129,
SI,SI-130,
SI,SI-185,
SI,SI-131,
SI,SI-186,
SI,SI-132,
SI,SI-133,
SI,SI-187,
SI,SI-134,
SI,SI-188,
SI,SI-135,
SI,SI-136,
SI,SI-137,
SI,SI-138,
SI,SI-139,
SI,SI-189,
SI,SI-140,
SI,SI-141,
SI,SI-142,
SI,SI-190,
SI,SI-143,
SI,SI-146,
SI,SI-191,
SI,SI-147,
SI,SI-144,
SI,SI-193,
SJ,SJ-XX-1,
SK,SK-BC,
SK,SK-BL,
SK,SK-KI,
SK,SK-NI,
SK,SK-PV,
SK,SK-TC,
SK,SK-TA,
SK,SK-ZI,
SL,SL-E,
SL,SL-N,
SL,SL-S,
SL,SL-W,
SM,SM-07,
SM,SM-03,
SM,SM-04,
SM,SM-09,
SN,SN-DK,
SN,SN-DB,
SN,SN-FK,
SN,SN-KA,
SN,SN-KL,
SN,SN-KE,
SN,SN-KD,
SN,SN-LG,
SN,SN-MT,
SN,SN-SL,
SN,SN-SE,
SN,SN-TC,
SN,SN-TH,
SN,SN-ZG,
SO,SO-AW,
SO,SO-BN,
SO,SO-BR,
SO,SO-GA,
SO,SO-JH,
SO,SO-MU,
SO,SO-NU,
SO,SO-SH,
SO,SO-TO,
SO,SO-WO,
SR,SR-BR,
SR,SR-CM,
SR,SR-NI,
SR,SR-PR,
SR,SR-PM,
SR,SR-SI,
SR,SR-WA,
SS,SS-EC,
SS,SS-EE,
SS,SS-JG,
SS,SS-LK,
SS,SS-BN,
SS,SS-NU,
SS,SS-EW,
ST,ST-01,
SV,SV-AH,
SV,SV-CA,
SV,SV-CH,
SV,SV-CU,
SV,SV-LI,
SV,SV-PA,
SV,SV-UN,
SV,SV-MO,
SV,SV-SM,
SV,SV-SS,
SV,SV-SV,
SV,SV-SA,
SV,SV-SO,
SV,SV-US,
SX,SX-XX-1,
SY,SY-HA,
SY,SY-LA,
SY,SY-QU,
SY,SY-RA,
SY,SY-SU,
SY,SY-DR,
SY,SY-DY,
SY,SY-DI,
SY,SY-HL,
SY,SY-HM,
SY,SY-HI,
SY,SY-ID,
SY,SY-RD,
SY,SY-TA,
SZ,SZ-HH,
SZ,SZ-LU,
SZ,SZ-MA,
TC,TC-XX-1,
TD,TD-BG,
TD,TD-CB,
TD,TD-GR,
TD,TD-LO,
TD,TD-ME,
TD,TD-OD,
TD,TD-ND,
TF,TF-XX-1,
TG,TG-C,
TG,TG-K,
TG,TG-M,
TG,TG-P,
TH,TH-37,
TH,TH-15,
TH,TH-38,
TH,TH-31,
TH,TH-24,
TH,TH-18,
TH,TH-36,
TH,TH-22,
TH,TH-50,
TH,TH-57,
TH,TH-20,
TH,TH-86,
TH,TH-46,
TH,TH-62,
TH,TH-71,
TH,TH-40,
TH,TH-81,
TH,TH-10,
TH,TH-52,
TH,TH-51,
TH,TH-42,
TH,TH-16,
TH,TH-58,
TH,TH-44,
TH,TH-49,
TH,TH-26,
TH,TH-73,
TH,TH-48,
TH,TH-30,
TH,TH-60,
TH,TH-80,
TH,TH-55,
TH,TH-96,
TH,TH-39,
TH,TH-43,
TH,TH-12,
TH,TH-13,
TH,TH-94,
TH,TH-82,
TH,TH-93,
TH,TH-56,
TH,TH-67,
TH,TH-76,
TH,TH-66,
TH,TH-65,
TH,TH-14,
TH,TH-54,
TH,TH-83,
TH,TH-25,
TH,TH-77,
TH,TH-85,
TH,TH-70,
TH,TH-21,
TH,TH-45,
TH,TH-27,
TH,TH-47,
TH,TH-11,
TH,TH-74,
TH,TH-75,
TH,TH-19,
TH,TH-91,
TH,TH-33,
TH,TH-17,
TH,TH-90,
TH,TH-64,
TH,TH-72,
TH,TH-84,
TH,TH-32,
TH,TH-63,
TH,TH-92,
TH,TH-23,
TH,TH-34,
TH,TH-41,
TH,TH-61,
TH,TH-53,
TH,TH-95,
TH,TH-35,
TJ,TJ-DU,
TJ,TJ-KT,
TJ,TJ-RA,
TJ,TJ-SU,
TK,TK-XX-1,
TL,TL-AN,
TL,TL-BO,
TL,TL-CO,
TL,TL-DI,
TL,TL-LI,
TM,TM-A,
TM,TM-B,
TM,TM-D,
TM,TM-L,
TM,TM-M,
TN,TN-31,
TN,TN-13,
TN,TN-23,
TN,TN-81,
TN,TN-71,
TN,TN-32,
TN,TN-41,
TN,TN-42,
TN,TN-73,
TN,TN-12,
TN,TN-14,
TN,TN-33,
TN,TN-53,
TN,TN-82,
TN,TN-52,
TN,TN-21,
TN,TN-61,
TN,TN-43,
TN,TN-34,
TN,TN-51,
TN,TN-83,
TN,TN-72,
TN,TN-11,
TN,TN-22,
TO,TO-02,
TO,TO-03,
TO,TO-04,
TR,TR-01,
TR,TR-02,
TR,TR-03,
TR,TR-04,
TR,TR-68,
TR,TR-05,
TR,TR-06,
TR,TR-07,
TR,TR-75,
TR,TR-08,
TR,TR-09,
TR,TR-10,
TR,TR-74,
TR,TR-72,
TR,TR-69,
TR,TR-11,
TR,TR-12,
TR,TR-13,
TR,TR-14,
TR,TR-15,
TR,TR-16,
TR,TR-17,
TR,TR-18,
TR,TR-19,
TR,TR-20,
TR,TR-21,
TR,TR-81,
TR,TR-22,
TR,TR-23,
TR,TR-24,
TR,TR-25,
TR,TR-26,
TR,TR-27,
TR,TR-28,
TR,TR-29,
TR,TR-30,
TR,TR-31,
TR,TR-76,
TR,TR-32,
TR,TR-34,
TR,TR-35,
TR,TR-46,
TR,TR-78,
TR,TR-70,
TR,TR-36,
TR,TR-37,
TR,TR-38,
TR,TR-79,
TR,TR-71,
TR,TR-39,
TR,TR-40,
TR,TR-41,
TR,TR-42,
TR,TR-43,
TR,TR-44,
TR,TR-45,
TR,TR-47,
TR,TR-33,
TR,TR-48,
TR,TR-49,
TR,TR-50,
TR,TR-51,
TR,TR-52,
TR,TR-80,
TR,TR-53,
TR,TR-54,
TR,TR-55,
TR,TR-63,
TR,TR-56,
TR,TR-57,
TR,TR-73,
TR,TR-58,
TR,TR-59,
TR,TR-60,
TR,TR-61,
TR,TR-62,
TR,TR-64,
TR,TR-65,
TR,TR-77,
TR,TR-66,
TR,TR-67,
TT,TT-ARI,
TT,TT-CHA,
TT,TT-CTT,
TT,TT-DMN,
TT,TT-MRC,
TT,TT-PED,
TT,TT-PTF,
TT,TT-POS,
TT,TT-PRT,
TT,TT-SFO,
TT,TT-SJL,
TT,TT-SGE,
TT,TT-SIP,
TT,TT-TOB,
TT,TT-TUP,
TV,TV-FUN,
TW,TW-CHA,
TW,TW-CYQ,
TW,TW-HSQ,
TW,TW-HUA,
TW,TW-KHH,
TW,TW-KEE,
TW,TW-KIN,
TW,TW-LIE,
TW,TW-MIA,
TW,TW-NAN,
TW,TW-NWT,
TW,TW-PEN,
TW,TW-PIF,
TW,TW-TXG,
TW,TW-TNN,
TW,TW-TPE,
TW,TW-TTT,
TW,TW-TAO,
TW,TW-ILA,
TW,TW-YUN,
TZ,TZ-01,
TZ,TZ-02,
TZ,TZ-03,
TZ,TZ-27,
TZ,TZ-04,
TZ,TZ-05,
TZ,TZ-06,
TZ,TZ-07,
TZ,TZ-28,
TZ,TZ-08,
TZ,TZ-09,
TZ,TZ-11,
TZ,TZ-12,
TZ,TZ-26,
TZ,TZ-13,
TZ,TZ-14,
TZ,TZ-15,
TZ,TZ-16,
TZ,TZ-17,
TZ,TZ-18,
TZ,TZ-29,
TZ,TZ-19,
TZ,TZ-20,
TZ,TZ-21,
TZ,TZ-22,
TZ,TZ-30,
TZ,TZ-23,
TZ,TZ-31,
TZ,TZ-24,
TZ,TZ-25,
UA,UA-43,Ղրիմի Ինքնավար Հանրապետություն
UA,UA-71,Չերկասիի մարզ
UA,UA-74,Չեռնիգովի մարզ
UA,UA-77,Չեռնովցիի մարզ
UA,UA-12,Դնեպրոպետրովսկի մարզ
UA,UA-14,Դոնեցկի մարզ
UA,UA-26,Իվանո-Ֆրանկովսկի մարզ
UA,UA-63,Խարկովի մարզ
UA,UA-65,Խերսոնի մարզ
UA,UA-68,Խմելնիցկու մարզ
UA,UA-35,Կիրովոգրադի մարզ
UA,UA-30,Կիև
UA,UA-32,Կիևի մարզ
UA,UA-09,Լուգանսկի մարզ
UA,UA-46,Լվովի մարզ
UA,UA-48,Նիկոլաևի մարզ
UA,UA-51,Օդեսայի մարզ
UA,UA-53,Պոլտավայի մարզ
UA,UA-56,Ռովնոյի մարզ
UA,UA-40,Սևաստոպոլ
UA,UA-59,Սումիի մարզ
UA,UA-61,Տերնոպոլի մարզ
UA,UA-05,Վիննիցայի մարզ
UA,UA-07,Վոլինի մարզ
UA,UA-21,Անդրկարպատյան մարզ
UA,UA-23,Զապորոժիեի մարզ
UA,UA-18,Ժիտոմիրի մարզ
UG,UG-314,
UG,UG-301,
UG,UG-322,
UG,UG-323,
UG,UG-315,
UG,UG-324,
UG,UG-216,
UG,UG-316,
UG,UG-302,
UG,UG-303,
UG,UG-217,
UG,UG-218,
UG,UG-201,
UG,UG-420,
UG,UG-117,
UG,UG-219,
UG,UG-118,
UG,UG-220,
UG,UG-225,
UG,UG-401,
UG,UG-402,
UG,UG-202,
UG,UG-221,
UG,UG-120,
UG,UG-226,
UG,UG-317,
UG,UG-121,
UG,UG-304,
UG,UG-403,
UG,UG-417,
UG,UG-203,
UG,UG-418,
UG,UG-204,
UG,UG-318,
UG,UG-404,
UG,UG-405,
UG,UG-213,
UG,UG-101,
UG,UG-222,
UG,UG-122,
UG,UG-102,
UG,UG-205,
UG,UG-413,
UG,UG-206,
UG,UG-406,
UG,UG-207,
UG,UG-112,
UG,UG-407,
UG,UG-103,
UG,UG-227,
UG,UG-419,
UG,UG-421,
UG,UG-408,
UG,UG-305,
UG,UG-319,
UG,UG-306,
UG,UG-208,
UG,UG-228,
UG,UG-123,
UG,UG-422,
UG,UG-415,
UG,UG-326,
UG,UG-307,
UG,UG-229,
UG,UG-104,
UG,UG-124,
UG,UG-114,
UG,UG-223,
UG,UG-105,
UG,UG-409,
UG,UG-214,
UG,UG-209,
UG,UG-410,
UG,UG-423,
UG,UG-115,
UG,UG-308,
UG,UG-309,
UG,UG-106,
UG,UG-107,
UG,UG-108,
UG,UG-311,
UG,UG-116,
UG,UG-109,
UG,UG-230,
UG,UG-224,
UG,UG-327,
UG,UG-310,
UG,UG-231,
UG,UG-411,
UG,UG-328,
UG,UG-321,
UG,UG-312,
UG,UG-210,
UG,UG-110,
UG,UG-425,
UG,UG-412,
UG,UG-111,
UG,UG-232,
UG,UG-426,
UG,UG-215,
UG,UG-211,
UG,UG-212,
UG,UG-113,
UG,UG-313,
UG,UG-330,
UM,UM-95,
US,US-AL,Ալաբամա
US,US-AK,Ալյասկա
US,US-AZ,Արիզոնա
US,US-AR,Արկանզաս
US,US-CA,Կալիֆոռնիա
US,US-CO,Կոլորադո
US,US-CT,Կոնեկտիկուտ
US,US-DE,Դելավեր
US,US-DC,Կոլումբիա դաշնային շրջան
US,US-FL,Ֆլորիդա
US,US-GA,Ջորջիա
US,US-HI,Հավայի
US,US-ID,Այդահո
US,US-IL,Իլինոյս
US,US-IN,Ինդիանա
US,US-IA,Այովա
US,US-KS,Կանզաս
US,US-KY,Կենտուկի
US,US-LA,Լուիզիանա
US,US-ME,Մեն
US,US-MD,Մերիլենդ
US,US-MA,Մասաչուսեթս
US,US-MI,Միչիգան
US,US-MN,Մինեսոտա
US,US-MS,Միսսիսիպի
US,US-MO,Միսսուրի
US,US-MT,Մոնտանա
US,US-NE,Նեբրասկա
US,US-NV,Նևադա
US,US-NH,Նյու Հեմպշիր
US,US-NJ,Նյու Ջերսի
US,US-NM,Նյու Մեքսիկո
US,US-NY,Նյու Յորք
US,US-NC,Հյուսիսային Կարոլինա
US,US-ND,Հյուսիսային Դակոտա
US,US-OH,Օհայո
US,US-OK,Օկլահոմա
US,US-OR,Օրեգոն
US,US-PA,Փենսիլվանիա
US,US-RI,Ռոդ Այլենդ
US,US-SC,Հարավային Կարոլինա
US,US-SD,Հարավային Դակոտա
US,US-TN,Թենեսի
US,US-TX,Տեխաս
US,US-UT,Յուտա
US,US-VT,Վերմոնտ
US,US-VA,Վիրջինիա
US,US-WA,Վաշինգտոն
US,US-WV,Արևմտյան Վիրջինիա
US,US-WI,Վիսկոնսին
US,US-WY,Վայոմինգ
UY,UY-AR,
UY,UY-CA,
UY,UY-CL,
UY,UY-CO,
UY,UY-DU,
UY,UY-FS,
UY,UY-FD,
UY,UY-LA,
UY,UY-MA,
UY,UY-MO,
UY,UY-PA,
UY,UY-RN,
UY,UY-RV,
UY,UY-RO,
UY,UY-SA,
UY,UY-SJ,
UY,UY-SO,
UY,UY-TA,
UY,UY-TT,
UZ,UZ-AN,
UZ,UZ-BU,
UZ,UZ-FA,
UZ,UZ-JI,
UZ,UZ-NG,
UZ,UZ-NW,
UZ,UZ-QA,
UZ,UZ-QR,
UZ,UZ-SA,
UZ,UZ-SI,
UZ,UZ-SU,
UZ,UZ-TK,
UZ,UZ-XO,
VA,VA-XX-1,
VC,VC-01,
VC,VC-06,
VC,VC-04,
VC,VC-05,
VE,VE-Z,
VE,VE-B,
VE,VE-C,
VE,VE-D,
VE,VE-E,
VE,VE-F,
VE,VE-G,
VE,VE-H,
VE,VE-Y,
VE,VE-A,
VE,VE-I,
VE,VE-J,
VE,VE-X,
VE,VE-K,
VE,VE-L,
VE,VE-M,
VE,VE-N,
VE,VE-O,
VE,VE-P,
VE,VE-R,
VE,VE-S,
VE,VE-T,
VE,VE-U,
VE,VE-V,
VG,VG-XX-1,
VI,VI-XX-1,
VN,VN-44,
VN,VN-43,
VN,VN-54,
VN,VN-53,
VN,VN-55,
VN,VN-56,
VN,VN-50,
VN,VN-31,
VN,VN-57,
VN,VN-58,
VN,VN-40,
VN,VN-59,
VN,VN-CT,
VN,VN-04,
VN,VN-DN,
VN,VN-33,
VN,VN-72,
VN,VN-71,
VN,VN-39,
VN,VN-45,
VN,VN-30,
VN,VN-03,
VN,VN-63,
VN,VN-HN,
VN,VN-23,
VN,VN-61,
VN,VN-HP,
VN,VN-73,
VN,VN-SG,
VN,VN-14,
VN,VN-66,
VN,VN-34,
VN,VN-47,
VN,VN-28,
VN,VN-01,
VN,VN-35,
VN,VN-09,
VN,VN-02,
VN,VN-41,
VN,VN-67,
VN,VN-22,
VN,VN-18,
VN,VN-36,
VN,VN-68,
VN,VN-32,
VN,VN-24,
VN,VN-27,
VN,VN-29,
VN,VN-13,
VN,VN-25,
VN,VN-52,
VN,VN-05,
VN,VN-37,
VN,VN-20,
VN,VN-69,
VN,VN-21,
VN,VN-26,
VN,VN-46,
VN,VN-51,
VN,VN-07,
VN,VN-49,
VN,VN-70,
VN,VN-06,
VU,VU-SEE,
VU,VU-TAE,
VU,VU-TOB,
WF,WF-SG,
WF,WF-UV,
WS,WS-AT,
WS,WS-FA,
WS,WS-TU,
YE,YE-AD,
YE,YE-AM,
YE,YE-AB,
YE,YE-DA,
YE,YE-BA,
YE,YE-HU,
YE,YE-SA,
YE,YE-DH,
YE,YE-HD,
YE,YE-HJ,
YE,YE-IB,
YE,YE-LA,
YE,YE-MA,
YE,YE-SD,
YE,YE-SN,
YE,YE-SH,
YE,YE-TA,
YT,YT-XX-1,
YT,YT-XX-2,
YT,YT-XX-3,
YT,YT-XX-4,
YT,YT-XX-5,
YT,YT-XX-6,
ZA,ZA-EC,
ZA,ZA-FS,
ZA,ZA-GP,
ZA,ZA-KZN,
ZA,ZA-LP,
ZA,ZA-MP,
ZA,ZA-NW,
ZA,ZA-NC,
ZA,ZA-WC,
ZM,ZM-02,
ZM,ZM-08,
ZM,ZM-03,
ZM,ZM-04,
ZM,ZM-09,
ZM,ZM-10,
ZM,ZM-06,
ZM,ZM-05,
ZM,ZM-07,
ZM,ZM-01,
ZW,ZW-BU,
ZW,ZW-HA,
ZW,ZW-MA,
ZW,ZW-MC,
ZW,ZW-ME,
ZW,ZW-MW,
ZW,ZW-MV,
ZW,ZW-MN,
ZW,ZW-MS,
ZW,ZW-MI,
